{"x": [1024, 21056, 41024, 61056, 81024, 101056, 121024, 141056, 161024, 181056, 201024, 221056, 241024, 261056, 281024, 301056, 321024, 341056, 361024, 381056, 401024, 421056, 441024, 461056, 481024, 501056, 521024, 541056, 561024, 581056, 601024, 621056, 641024, 661056, 681024, 701056, 721024, 741056, 761024, 781056, 801024, 821056, 841024, 861056, 881024, 901056, 921024, 941056, 961024, 981056, 1001024, 1021056, 1041024, 1061056, 1081024, 1101056, 1121024, 1141056, 1161024, 1181056, 1201024, 1221056, 1241024, 1261056, 1281024, 1301056, 1321024, 1341056, 1361024, 1381056, 1401024, 1421056, 1441024, 1461056, 1481024], "y": [-0.19872807716156912, -0.08171796788658232, 0.23251411108356487, 0.5801244427005835, 0.8391998391779323, 0.9542741035928776, 0.9259689246433281, 0.921530836527076, 0.9610133011309628, 0.9751928271158675, 0.9783209435456598, 0.9755534257371112, 0.9794383701679485, 0.986302071367215, 0.990786639774226, 0.9944534411562417, 0.9929219275431627, 0.9899835234747953, 0.9905075750370715, 0.9915020741563114, 0.993986284334642, 0.9944904546947734, 0.9942339589241521, 0.9963947336451264, 0.9977640438633283, 0.9987590925997594, 0.9976816772895187, 0.997427751054537, 0.9990634506054155, 0.9983371030492635, 0.9962683483182728, 0.9842205771897552, 0.9848976397053355, 0.9969872422330492, 0.9984939548656744, 0.9988949007774385, 0.9986407800014102, 0.9990220372909806, 0.9988254044006802, 0.997514176357059, 0.9973614914540561, 0.9992678922684491, 0.9999801233158033, 0.9999218334116919, 0.9998826974767548, 0.9987975795948869, 0.9986645176511324, 0.9997345637145716, 0.9994610653540817, 0.9993310932005811, 0.999481324032618, 0.9997300888308376, 0.9997667436879998, 0.9984204734624812, 0.9985572467511765, 0.9995764203333092, 0.9994454027204677, 0.9996682960597632, 0.9999734372281148, 0.9999882314333159, 0.9999757610113361, 0.9994573636966917, 0.999249211420123, 0.9989389678544022, 0.9981189191909858, 0.9989299832930031, 0.9995922424243386, 0.999619823811669, 0.9998081107030031, 0.9997033273380536, 0.9998125211371209, 1.0, 0.9998399425067226, 0.9988183271382457, 0.9987019321705675]}