{"x": [1024, 21056, 41024, 61056, 81024, 101056, 121024, 141056, 161024, 181056, 201024, 221056, 241024, 261056, 281024, 301056, 321024, 341056, 361024, 381056, 401024, 421056, 441024, 461056, 481024, 501056, 521024, 541056, 561024, 581056, 601024, 621056, 641024, 661056, 681024, 701056, 721024, 741056, 761024, 781056, 801024, 821056, 841024, 861056, 881024, 901056, 921024, 941056, 961024, 981056, 1001024, 1021056, 1041024, 1061056, 1081024, 1101056, 1121024, 1141056, 1161024, 1181056, 1201024, 1221056, 1241024, 1261056, 1281024, 1301056, 1321024, 1341056, 1361024, 1381056, 1401024, 1421056, 1441024, 1461056, 1481024], "y": [-0.2898822412431155, -0.04470937656855399, 0.44279145700900985, 0.8206981227445436, 0.9677013998770688, 0.9821093733204515, 0.9857650715790571, 0.9858292701781021, 0.986721079368368, 0.987942016648263, 0.9884162965493016, 0.9914743308464017, 0.9951181097314802, 0.9976123590836226, 0.9987890619093304, 0.9978778749800237, 0.9984885756835676, 0.9993547517940237, 0.9986661853324208, 0.9974254579543917, 0.997736795680635, 0.9995753626656989, 0.9996758103456621, 0.9993949028486977, 0.9995967119039548, 0.9996114225931217, 0.999438801408897, 0.9995092014288981, 0.9994139144458132, 0.9993698021679318, 0.9996791990361631, 0.9995843601139135, 0.9992418658574591, 0.9982897992337182, 0.9986577430569744, 1.0, 0.9993944065264908, 0.999397143416783, 0.9997441529608001, 0.9997229515134761, 0.9999365219400456, 0.9996198692528979, 0.9996000082864497, 0.9995265929690622, 0.997859793405043, 0.9979933315787478, 0.9996784131067907, 0.9999234203759927, 0.999421149138266, 0.9994172810710311, 0.9988834203620083, 0.9989132075156087, 0.9996523072706538, 0.9996520039800879, 0.9991135929581857, 0.9988316898013372, 0.9993714003447681, 0.9996458090754896, 0.9999198934359061, 0.9999014979759782, 0.9999261014017746, 0.9999249045723727, 0.999884389001402, 0.9995568222529289, 0.9995709529196013, 0.9998876346660202, 0.9995490947131985, 0.9995489631642739, 0.9995345073935465, 0.9995280764065995, 0.9998290410971, 0.9998305449801325, 0.9998974705439426, 0.9998938299253796, 0.9998825196251815]}