{"x": [1024, 21056, 41024, 61056, 81024, 101056, 121024, 141056, 161024, 181056, 201024, 221056, 241024, 261056, 281024, 301056, 321024, 341056, 361024, 381056, 401024, 421056, 441024, 461056, 481024, 501056, 521024, 541056, 561024, 581056, 601024, 621056, 641024, 661056, 681024, 701056, 721024, 741056, 761024, 781056, 801024, 821056, 841024, 861056, 881024, 901056, 921024, 941056, 961024, 981056, 1001024, 1021056, 1041024, 1061056, 1081024, 1101056, 1121024, 1141056, 1161024, 1181056, 1201024, 1221056, 1241024, 1261056, 1281024, 1301056, 1321024, 1341056, 1361024, 1381056, 1401024, 1421056, 1441024, 1461056, 1481024], "y": [0.3481716743105957, 0.5924885235086085, 0.8377216053879984, 0.8413991260852193, 0.8401862479333392, 0.8660911157385838, 0.9075065866199271, 0.9152654918119407, 0.928484288770865, 0.9093729545090407, 0.9004831156536435, 0.9186044338997705, 0.9122014117332993, 0.9358715613458074, 0.9481859670062536, 0.9371217101083646, 0.9308700591460216, 0.9332082875140326, 0.9520066985473249, 0.9472422680612418, 0.9205492215609381, 0.9327101795772195, 0.9539207996123529, 0.9440443845564684, 0.9505350744606904, 0.9622042997051018, 0.9613419461900855, 0.9539439736496936, 0.935589456775237, 0.9454111793048626, 0.9695937806507137, 0.954817219624348, 0.9421783178080722, 0.964069596663385, 0.9804795547373979, 0.9796929650052607, 0.9706332261222995, 0.9699582312523767, 0.9801916715042194, 0.9821469519271963, 0.972408795359636, 0.9737501790858359, 0.9848995399463327, 0.9896568216498725, 0.988454846237746, 0.9907819377928646, 0.9972321486366956, 0.99005924373998, 0.9801822026100285, 0.9809096080585294, 0.9939801228495059, 1.0, 0.9968429754614166, 0.9935835699684447, 0.9849148521227415, 0.9895687385499989, 0.9865026656747576, 0.9776219225667152, 0.9737651305344541, 0.9700176079983762, 0.9735336595410179, 0.973299660719117, 0.9695650460607134, 0.9742264765430646, 0.9770769481140069, 0.9758925803046747, 0.9814022012859678, 0.9836939965739242, 0.9837146090298268, 0.9880395137178978, 0.9879007826661326, 0.9859673578681509, 0.9888011242102877, 0.9845227766033369, 0.9808682105040313]}