{"x": [1024, 21056, 41024, 61056, 81024, 101056, 121024, 141056, 161024, 181056, 201024, 221056, 241024, 261056, 281024, 301056, 321024, 341056, 361024, 381056, 401024, 421056, 441024, 461056, 481024, 501056, 521024, 541056, 561024, 581056, 601024, 621056, 641024, 661056, 681024, 701056, 721024, 741056, 761024, 781056, 801024, 821056, 841024, 861056, 881024, 901056, 921024, 941056, 961024, 981056, 1001024, 1021056, 1041024, 1061056, 1081024, 1101056, 1121024, 1141056, 1161024, 1181056, 1201024, 1221056, 1241024, 1261056, 1281024, 1301056, 1321024, 1341056, 1361024, 1381056, 1401024, 1421056, 1441024, 1461056, 1481024], "y": [0.1091938470772675, 0.4020527013449901, 0.7938797857470888, 0.9009034962067455, 0.9288536619634705, 0.9461773491108103, 0.9430736974515141, 0.9429304008173723, 0.9462488684257129, 0.9573146303375653, 0.9673868803589243, 0.9614275235934355, 0.9616221707170276, 0.9729070901856802, 0.9717192393828679, 0.9680194133585864, 0.9717221136346494, 0.9664414813731181, 0.9639985186787015, 0.96837113618759, 0.9741226141621144, 0.9763915015484971, 0.9814869843770896, 0.9837766551684314, 0.9783662653252143, 0.9801764647671454, 0.9783258496734922, 0.9795919917112672, 0.9824319051471223, 0.9831030856246002, 0.9819449333898324, 0.982149878591619, 0.9842276506687676, 0.9815147659510892, 0.9825625835070749, 0.9829371886663779, 0.9889730151507022, 0.9881612146407726, 0.9796494485293288, 0.9788250931500038, 0.9709335259946095, 0.9700683535199146, 0.9728296975065888, 0.9710259877031031, 0.9722992179858226, 0.9792762479779218, 0.98804537584122, 0.9881421259635383, 0.9860484151753999, 0.9812714540913804, 0.9779285376115865, 0.9832206974492776, 0.9877425339347404, 0.9837166192602954, 0.9807541061418793, 0.9794525860299623, 0.9732040649138042, 0.9821861547767611, 0.9892965114493804, 0.9877294468930028, 0.9877920111122994, 0.988371351176234, 0.9894104871479039, 0.9882858527249531, 0.9915027915274754, 0.9909627898693031, 0.988498113543435, 0.988986216482069, 0.9845476522045354, 0.9882539860434448, 0.9921464739200779, 0.9916668506999805, 0.9974569007571789, 1.0, 0.998443712457859]}