{"x": [1024, 21056, 41024, 61056, 81024, 101056, 121024, 141056, 161024, 181056, 201024, 221056, 241024, 261056, 281024, 301056, 321024, 341056, 361024, 381056, 401024, 421056, 441024, 461056, 481024, 501056, 521024, 541056, 561024, 581056, 601024, 621056, 641024, 661056, 681024, 701056, 721024, 741056, 761024, 781056, 801024, 821056, 841024, 861056, 881024, 901056, 921024, 941056, 961024, 981056, 1001024, 1021056, 1041024, 1061056, 1081024, 1101056, 1121024, 1141056, 1161024, 1181056, 1201024, 1221056, 1241024, 1261056, 1281024, 1301056, 1321024, 1341056, 1361024, 1381056, 1401024, 1421056, 1441024, 1461056, 1481024], "y": [-0.3204877746411937, -0.18780473952345642, 0.1936040172751216, 0.5283617860013892, 0.6267354611984073, 0.6553188225063107, 0.6953518127857091, 0.7615737402032441, 0.8625690228640053, 0.9435256552173205, 0.9732023574373955, 0.9728771304434868, 0.9760128574497028, 0.9893921584106016, 0.9925562123770707, 0.9920564834911312, 0.992195472932082, 0.9927669504906438, 0.9944149347163131, 0.997308492242416, 0.9980435005223024, 0.9982502046044655, 0.9956670255931448, 0.9949228427548298, 0.9953837096872211, 0.9904824019855225, 0.9911819466443137, 0.9962550867223292, 0.9961641027843741, 0.9959383753994777, 0.9969350665708993, 0.9971344074465662, 0.9974894556672501, 0.9963767100951506, 0.9971001178134129, 0.9975274376925937, 0.9965126474904793, 0.9968402261232437, 0.9973566222580477, 0.9958702736948699, 0.995145768407749, 0.9969562922966078, 0.9974849166564845, 0.9969802203005808, 0.9972298446492515, 0.9981949967742786, 0.9968577054975931, 0.9971010156429688, 0.9992727187307103, 0.9999144630307456, 0.998619094004193, 0.9986224991702696, 0.9998560855560158, 0.9995237483498914, 0.9992767083896251, 0.9997168776752873, 0.9984304976018396, 0.9983741807364003, 0.9998889404316721, 0.9993632245563051, 0.9995021803803107, 0.9997543635878927, 0.9990848086154738, 0.9989207019073886, 0.999461915614524, 0.9992396074895095, 0.9987118343899343, 0.9984826619144882, 0.9986923905854662, 0.9996006599848821, 0.9999170152891431, 1.0, 0.9984407027334632, 0.9984244816506765, 0.9997823022657216]}