{"x": [1024, 21056, 41024, 61056, 81024, 101056, 121024, 141056, 161024, 181056, 201024, 221056, 241024, 261056, 281024, 301056, 321024, 341056, 361024, 381056, 401024, 421056, 441024, 461056, 481024, 501056, 521024, 541056, 561024, 581056, 601024, 621056, 641024, 661056, 681024, 701056, 721024, 741056, 761024, 781056, 801024, 821056, 841024, 861056, 881024, 901056, 921024, 941056, 961024, 981056, 1001024, 1021056, 1041024, 1061056, 1081024, 1101056, 1121024, 1141056, 1161024, 1181056, 1201024, 1221056, 1241024, 1261056, 1281024, 1301056, 1321024, 1341056, 1361024, 1381056, 1401024, 1421056, 1441024, 1461056, 1481024], "y": [-0.2893127118351681, -0.21327276775821435, 0.1306998247817932, 0.5119594706502605, 0.6883746159895859, 0.8568164020799237, 0.9709572436822682, 0.9835590063392501, 0.9893824608864686, 0.9938327640327511, 0.9939687110073882, 0.9506512695401959, 0.9486744822988067, 0.9611856903015791, 0.9587213755548785, 0.9882088641324055, 0.9940398195754471, 0.9928002053608845, 0.9917945068605232, 0.9864319064362521, 0.9871293289110268, 0.9958107972487562, 0.9983949188205336, 0.9990540950571334, 0.998874092424211, 0.9934437768501377, 0.9912832607084616, 0.9948453323492966, 0.9970753919961551, 0.9986080858944202, 0.9986195400304123, 0.9981117816080732, 0.9984967924225887, 0.9985182762976483, 0.9984288864634457, 0.99936417450082, 0.9987652283327869, 0.9989093390735326, 0.9988603019475817, 0.9983211019526322, 0.9989211058179854, 0.9993370039543954, 0.9993057935921208, 0.9989958508334638, 0.9986472358552354, 0.9991574250125952, 0.9995519390544881, 0.9993432668810883, 0.9991939692977516, 0.9992148902401758, 0.9995444334349746, 0.9998076385029583, 0.9999559391327373, 0.999301170119447, 0.9992815787510104, 0.9997226684929376, 0.999717559254332, 0.99997095129346, 1.0, 0.9999753591495627, 0.9991791602173162, 0.9991356794457802, 0.9990939192985829, 0.9990948156057627, 0.9999232619336402, 0.9996764938143264, 0.9996550149387676, 0.9998365213557673, 0.9998279665253421, 0.999932375339594, 0.9999672033156232, 0.9997858141032302, 0.9996895978973548, 0.9995438023806473, 0.9990726378989478]}