{"x": [1024, 21056, 41024, 61056, 81024, 101056, 121024, 141056, 161024, 181056, 201024, 221056, 241024, 261056, 281024, 301056, 321024, 341056, 361024, 381056, 401024, 421056, 441024, 461056, 481024, 501056, 521024, 541056, 561024, 581056, 601024, 621056, 641024, 661056, 681024, 701056, 721024, 741056, 761024, 781056, 801024, 821056, 841024, 861056, 881024, 901056, 921024, 941056, 961024, 981056, 1001024, 1021056, 1041024, 1061056, 1081024, 1101056, 1121024, 1141056, 1161024, 1181056, 1201024, 1221056, 1241024, 1261056, 1281024, 1301056, 1321024, 1341056, 1361024, 1381056, 1401024, 1421056, 1441024, 1461056, 1481024], "y": [-0.19345663225542173, 0.10931764067873456, 0.5226397578351304, 0.7117506673946554, 0.8599428915854856, 0.9515892279565248, 0.9819111155494376, 0.9925536142818892, 0.994800503004836, 0.9952665443256613, 0.9958826414523779, 0.9963992829213689, 0.9977583285149579, 0.9988310713595152, 0.9977250845516442, 0.9980327362898765, 0.9987934896880668, 0.9987964504563482, 0.9996245628199845, 0.9997175270236692, 0.9988803079486122, 0.9988286855847489, 0.9995795767448092, 0.9996734876662563, 0.9993470459778565, 0.9992863242139365, 0.9997650994329451, 0.9997311220493639, 0.9995914443528371, 0.9995331050067955, 0.9997186968281172, 0.9998339825563165, 0.9998294798228406, 0.9998221177179811, 0.9997695033270284, 0.9998303412690658, 0.9997604818455734, 0.9996465420233345, 0.9997486210491875, 0.9997944294727158, 0.9998244535204984, 0.999805427372209, 0.9994907483405873, 0.9995026055202642, 0.9994286331225882, 0.999493501584598, 0.9999010794463296, 0.9998855682499026, 0.9998849893824555, 0.9998191492451394, 0.9998242533084583, 0.9998753028656336, 0.99976756810102, 0.9998025224204181, 0.9998643896929192, 0.9998598389583702, 0.999937713466392, 0.999986342198075, 1.0, 0.9999775001897436, 0.9999679844619599, 0.9999511800495495, 0.999940274032307, 0.9999016110982288, 0.9998774892883673, 0.9999210121830199, 0.9999337675259666, 0.9999512264752412, 0.9999571657489214, 0.9998904897317716, 0.9998496806160442, 0.9998812898121463, 0.9999238909032773, 0.9996333785829252, 0.9996300622824446]}