{"x": [1024, 21056, 41024, 61056, 81024, 101056, 121024, 141056, 161024, 181056, 201024, 221056, 241024, 261056, 281024, 301056, 321024, 341056, 361024, 381056, 401024, 421056, 441024, 461056, 481024, 501056, 521024, 541056, 561024, 581056, 601024, 621056, 641024, 661056, 681024, 701056, 721024, 741056, 761024, 781056, 801024, 821056, 841024, 861056, 881024, 901056, 921024, 941056, 961024, 981056, 1001024, 1021056, 1041024, 1061056, 1081024, 1101056, 1121024, 1141056, 1161024, 1181056, 1201024, 1221056, 1241024, 1261056, 1281024, 1301056, 1321024, 1341056, 1361024, 1381056, 1401024, 1421056, 1441024, 1461056, 1481024], "y": [-0.1669356609643963, -0.023863041023753903, 0.2830912751479041, 0.5509583808366246, 0.785051406863986, 0.9447237269461468, 0.9767368197588089, 0.9815805004453556, 0.9826448689065884, 0.9842065699926305, 0.9871104647532916, 0.9862862379397505, 0.9889058561985441, 0.9942325892352398, 0.9968554582467993, 0.9976252843059973, 0.998132336754663, 0.9983776207998081, 0.9987102057767567, 0.9408772365250886, 0.9258705808187236, 0.9837264034922657, 0.9978992519466245, 0.9983323836095711, 0.9991589219407049, 0.9991092710173247, 0.9987702275998689, 0.998980406075413, 0.9997015808163189, 0.9998714339687372, 0.9997909403574893, 0.999871051765308, 0.9999453985448491, 0.9997051181889806, 0.9992670022053941, 0.9994513702759271, 0.9997522842439428, 0.9997641994056754, 0.9995398136347294, 0.9996286096838675, 0.9999350825025379, 0.9999237444359801, 0.9999798885372951, 0.9999753430255744, 0.9999358932680061, 0.9997964398188908, 0.9998270455176558, 0.9999264232001952, 0.9996064541245152, 0.999600610342414, 0.9998860718356547, 0.9999485239923201, 0.9999921141842331, 0.9996562836199978, 0.9995912129994765, 0.9999218002506173, 0.9999668586761354, 0.9998879831187947, 0.9998539162462136, 0.9999293644445953, 0.999980858662921, 0.9996975264210656, 0.9992927071812754, 0.9995557661994441, 0.9998504957075522, 0.9999129269592371, 0.9999894927516404, 0.9999393760882227, 0.9999691890884674, 0.9999107244479333, 0.9999036357409877, 1.0, 0.999970232860773, 0.9998950940102432, 0.999885440412754]}