{"x": [1024, 21056, 41024, 61056, 81024, 101056, 121024, 141056, 161024, 181056, 201024, 221056, 241024, 261056, 281024, 301056, 321024, 341056, 361024, 381056, 401024, 421056, 441024, 461056, 481024, 501056, 521024, 541056, 561024, 581056, 601024, 621056, 641024, 661056, 681024, 701056, 721024, 741056, 761024, 781056, 801024, 821056, 841024, 861056, 881024, 901056, 921024, 941056, 961024, 981056, 1001024, 1021056, 1041024, 1061056, 1081024, 1101056, 1121024, 1141056, 1161024, 1181056, 1201024, 1221056, 1241024, 1261056, 1281024, 1301056, 1321024, 1341056, 1361024, 1381056, 1401024, 1421056, 1441024, 1461056, 1481024], "y": [-0.2640724811574574, -0.08546553510576492, 0.27324801957946154, 0.5074238171869514, 0.597294922933676, 0.6480951304940756, 0.6732089483642694, 0.6919148545600384, 0.8252954758735065, 0.9691187458404206, 0.9918030708622854, 0.9923493346354381, 0.9925948333172899, 0.9968567862274571, 0.9978433357229425, 0.9973164704500924, 0.9977965611423236, 0.9987541110346319, 0.9985439690718649, 0.9973816834615165, 0.9969272469163818, 0.998620546204126, 0.9996747060891038, 0.9987947225569561, 0.9989865336775476, 0.999266973161853, 0.9982675475950986, 0.9983364496665181, 0.9986395702062778, 0.9989592906130227, 0.9988753261373992, 0.9988232308640115, 0.9995273102621938, 0.999867590732777, 0.9992091222510381, 0.9989167244505014, 0.9989831831602888, 0.9993014838042157, 0.9996811826628571, 0.9996236145847324, 0.9998888649529662, 0.9998262347531762, 0.9998572770600556, 0.999909248902823, 0.9995438674559269, 0.9996800432181755, 1.0, 0.9995690188636273, 0.9993111430875927, 0.9997211109641572, 0.9997141878010254, 0.9997078154063715, 0.9999852211821506, 0.9997019384098994, 0.9991681950554893, 0.9993794829412466, 0.9999173910463061, 0.9996738590793207, 0.9997090560185011, 0.9996952252305572, 0.9995658302880474, 0.9995592244016824, 0.99968197859683, 0.9999973540438991, 0.9998627645883128, 0.9998078818973798, 0.9998049733292499, 0.999859856020183, 0.9999555180891816, 0.9999555180891816, 0.9996662400111495, 0.999665579961303, 0.9996965692871637, 0.9996416865962306, 0.9995856731197412]}