{"x": [1024, 21056, 41024, 61056, 81024, 101056, 121024, 141056, 161024, 181056, 201024, 221056, 241024, 261056, 281024, 301056, 321024, 341056, 361024, 381056, 401024, 421056, 441024, 461056, 481024, 501056, 521024, 541056, 561024, 581056, 601024, 621056, 641024, 661056, 681024, 701056, 721024, 741056, 761024, 781056, 801024, 821056, 841024, 861056, 881024, 901056, 921024, 941056, 961024, 981056, 1001024, 1021056, 1041024, 1061056, 1081024, 1101056, 1121024, 1141056, 1161024, 1181056, 1201024, 1221056, 1241024, 1261056, 1281024, 1301056, 1321024, 1341056, 1361024, 1381056, 1401024, 1421056, 1441024, 1461056, 1481024], "y": [0.37682278405781444, 0.6516009764640933, 0.9521777457136177, 0.9811677989514115, 0.9866042595052714, 0.9921723201933959, 0.9963933455132727, 0.9964502784539132, 0.995763510346459, 0.9966330307907085, 0.9970100815721245, 0.9969439206854962, 0.9973971236677003, 0.9977774179950386, 0.9972156219427908, 0.996975569230331, 0.9974828353061999, 0.9971219169747972, 0.9974078558594894, 0.9979340301297327, 0.9976966155977995, 0.996703942900233, 0.9970031074669262, 0.9980364908341095, 0.9981277290623869, 0.9981214576078232, 0.9981844096412952, 0.9980381812681787, 0.9980671737379126, 0.9983530411326423, 0.9982330831045353, 0.9971828006300221, 0.9972571177402016, 0.9991005887009744, 0.9997740282830718, 0.9996232753634999, 0.9990598800214722, 0.9990091418917472, 0.9996326993599922, 0.9998751034963906, 0.9998609140075883, 0.9988589581760347, 0.9985987605552058, 0.9995968430822508, 0.9998659901413215, 0.9998472786287804, 0.9992303234997427, 0.9991789989384198, 0.9998070790504741, 0.9999224507978801, 0.9999581666824989, 0.9999727202409708, 0.9999744301526987, 0.9999526059143707, 0.9998597433925804, 0.9996015153232446, 0.9996855302369051, 0.9996697322880358, 0.9996039430383613, 0.9998800229930617, 0.999945999524787, 0.9999595525918449, 0.9999667518103174, 0.9999574671694554, 0.9997704154107373, 0.9997890530552248, 0.9999811440257736, 0.9999710374278791, 0.999955489137893, 0.9999768684081466, 0.9999982444871157, 0.9999846732544194, 0.9999677441403577, 0.9999795088411916, 1.0]}