{"x": [1024, 21056, 41024, 61056, 81024, 101056, 121024, 141056, 161024, 181056, 201024, 221056, 241024, 261056, 281024, 301056, 321024, 341056, 361024, 381056, 401024, 421056, 441024, 461056, 481024, 501056, 521024, 541056, 561024, 581056, 601024, 621056, 641024, 661056, 681024, 701056, 721024, 741056, 761024, 781056, 801024, 821056, 841024, 861056, 881024, 901056, 921024, 941056, 961024, 981056, 1001024, 1021056, 1041024, 1061056, 1081024, 1101056, 1121024, 1141056, 1161024, 1181056, 1201024, 1221056, 1241024, 1261056, 1281024, 1301056, 1321024, 1341056, 1361024, 1381056, 1401024, 1421056, 1441024, 1461056, 1481024], "y": [-0.2752456710739706, -0.13855989759403137, 0.24059414805576226, 0.5271455818627909, 0.586410371876011, 0.6117094317284836, 0.6292004191989967, 0.638941226491512, 0.6486974443009589, 0.6797034248473323, 0.707955678731869, 0.7132403569451399, 0.7133968917876353, 0.7132897130379376, 0.7107718391141105, 0.71359643660351, 0.8098920382847742, 0.9491289522331889, 0.9983153507489526, 0.9986043844517932, 0.9986422179248403, 0.9992839265746711, 0.998384022503873, 0.9971656095753079, 0.998485449090831, 0.9996471868992168, 0.9993087014599399, 0.9994437873041415, 0.9997943946639506, 0.9985312016905089, 0.9982994568862946, 0.9994751070959815, 0.999715183616559, 0.9997555783807153, 0.9998392337853081, 1.0, 0.9994451288430006, 0.9994157257910988, 0.9557791712602258, 0.8611188535194684, 0.9033273853806331, 0.9974199953355358, 0.9986955958019729, 0.9991194893546579, 0.9998415097306532, 0.9995147997934454, 0.9993899387993823, 0.9996223284249195, 0.9996341953318072, 0.9998089518809418, 0.9998509542952971, 0.9998315655641893, 0.9994799942902536, 0.9992247419953411, 0.9991219025038214, 0.9992916362517774, 0.999401324333268, 0.9995042328698911, 0.9998390952822682, 0.9998902374624657, 0.9992680005269298, 0.9992593860517464, 0.9998948307403474, 0.999811405673739, 0.9995813715038369, 0.9996280307448826, 0.9997713501178943, 0.999443477969056, 0.9988422498670358, 0.998907497582939, 0.9990747230072685, 0.9990118183073945, 0.9996230992436077, 0.9998111337700248, 0.9998064631716637]}