{"x": [1024, 21056, 41024, 61056, 81024, 101056, 121024, 141056, 161024, 181056, 201024, 221056, 241024, 261056, 281024, 301056, 321024, 341056, 361024, 381056, 401024, 421056, 441024, 461056, 481024, 501056, 521024, 541056, 561024, 581056, 601024, 621056, 641024, 661056, 681024, 701056, 721024, 741056, 761024, 781056, 801024, 821056, 841024, 861056, 881024, 901056, 921024, 941056, 961024, 981056, 1001024, 1021056, 1041024, 1061056, 1081024, 1101056, 1121024, 1141056, 1161024, 1181056, 1201024, 1221056, 1241024, 1261056, 1281024, 1301056, 1321024, 1341056, 1361024, 1381056, 1401024, 1421056, 1441024, 1461056, 1481024], "y": [-0.2596873545441332, -0.09167836108614213, 0.3137077489357936, 0.737883124408751, 0.9565997234622641, 0.933583021834091, 0.9342545179212357, 0.97625690424184, 0.9739291665230324, 0.9917722798104426, 0.9977811062403783, 0.979989493566448, 0.9806489630441028, 0.9964999374406814, 0.9973454267472045, 0.9642871760802214, 0.9634760201727021, 0.9991321874438569, 1.0, 0.9995140369850453, 0.6568674243253351, 0.48207209512334837, 0.7647469461880114, 0.9346511031124123, 0.990729800107654, 0.9905993506948595, 0.9899486966702143, 0.9920162219149847, 0.9927899860000199, 0.9916808903102676, 0.9918683007044267, 0.9931515444346296, 0.9920963125544271, 0.8662172476995014, 0.8652549211474126, 0.9908496432264056, 0.9914054616751252, 0.9925299089790163, 0.9949256576902992, 0.9945923904863275, 0.9946397632304345, 0.9951069177118514, 0.9918420131253138, 0.9239368547776047, 0.9256309064569941, 0.9921785522271233, 0.9927290113232405, 0.994200576129307, 0.9951804787512132, 0.9949467697415803, 0.9940591892845164, 0.9942035012733483, 0.99509620576336, 0.9950024789648578, 0.995015327026515, 0.9946530220251164, 0.9941595703045778, 0.9946669661485313, 0.995029532568008, 0.9946698755821515, 0.9947485244916844, 0.9948493624918567, 0.9945341327170522, 0.9946915411537616, 0.9950857164115636, 0.995174985074769, 0.9951522269069607, 0.9950420675952258, 0.9949217406430484, 0.9950512927821946, 0.9951388964687315, 0.9949165314678782, 0.9949120206506954, 0.9949107046716734, 0.9949923991044201]}