{"x": [1024, 21056, 41024, 61056, 81024, 101056, 121024, 141056, 161024, 181056, 201024, 221056, 241024, 261056, 281024, 301056, 321024, 341056, 361024, 381056, 401024, 421056, 441024, 461056, 481024, 501056, 521024, 541056, 561024, 581056, 601024, 621056, 641024, 661056, 681024, 701056, 721024, 741056, 761024, 781056, 801024, 821056, 841024, 861056, 881024, 901056, 921024, 941056, 961024, 981056, 1001024, 1021056, 1041024, 1061056, 1081024, 1101056, 1121024, 1141056, 1161024, 1181056, 1201024, 1221056, 1241024, 1261056, 1281024, 1301056, 1321024, 1341056, 1361024, 1381056, 1401024, 1421056, 1441024, 1461056, 1481024], "y": [-0.2931469520295053, -0.09031649117784296, 0.30841444091824616, 0.5592062989868808, 0.6309080406250603, 0.6806034227877895, 0.7285957369053638, 0.7461134064961394, 0.7499548608313237, 0.7520365730843661, 0.7526115315732276, 0.7517813154840264, 0.8177545661152525, 0.9372229706890997, 0.9921169038983325, 0.995568376127555, 0.9962186130403933, 0.9970767000653483, 0.9991225046096514, 0.992232300875884, 0.9899117680410187, 0.9960880987144435, 0.9982919218866203, 0.9992354386089788, 0.9994963004461765, 0.9979856227929733, 0.9978422699517244, 0.997479891247848, 0.997220417623464, 0.9984004453175583, 0.9979720550723703, 0.9989936343804825, 0.9996913956879036, 0.9995365949677034, 0.9989930901477974, 0.9987042626471857, 0.999061938754662, 0.9990785203460528, 0.9993551508074087, 0.9997909923137468, 0.9998664769204422, 0.9524187338882186, 0.9487847119116519, 0.994958393282938, 0.9980027371992974, 0.9990810378372894, 0.9982593567340026, 0.9982371943604489, 0.9992936671133503, 0.9994482238516896, 0.9997300798742915, 0.999227364799237, 0.999047357779291, 0.9990715508070017, 0.9988687497814978, 0.9994799750886015, 0.9997277682825733, 0.9994098423142547, 0.9994949700737303, 0.9997524377494622, 0.9997880392173906, 0.9995985269388528, 0.9990608579695706, 0.9991763769926577, 0.9997336531024148, 0.9998766614905129, 0.9999440394563702, 0.9999493628786253, 0.9999353236095739, 0.9999960499458095, 1.0, 0.9998746910090831, 0.9995115752244078, 0.9996367043890309, 0.9999416977728443]}