{"x": [1024, 21056, 41024, 61056, 81024, 101056, 121024, 141056, 161024, 181056, 201024, 221056, 241024, 261056, 281024, 301056, 321024, 341056, 361024, 381056, 401024, 421056, 441024, 461056, 481024, 501056, 521024, 541056, 561024, 581056, 601024, 621056, 641024, 661056, 681024, 701056, 721024, 741056, 761024, 781056, 801024, 821056, 841024, 861056, 881024, 901056, 921024, 941056, 961024, 981056, 1001024, 1021056, 1041024, 1061056, 1081024, 1101056, 1121024, 1141056, 1161024, 1181056, 1201024, 1221056, 1241024, 1261056, 1281024, 1301056, 1321024, 1341056, 1361024, 1381056, 1401024, 1421056, 1441024, 1461056, 1481024], "y": [-0.19033802695223706, 0.1198481549081851, 0.5139554187097893, 0.6427379878655852, 0.8284034882221664, 0.9809466346366732, 0.9932483619273825, 0.9939536675884182, 0.994670752046927, 0.9951176102104635, 0.9955342146994863, 0.9959742680820858, 0.9961617821930946, 0.9979333091141278, 0.9988850419928726, 0.9989758888098639, 0.9997626435580721, 0.9992289717426547, 0.5698125038067816, 0.3067755007392045, 0.7128161940584654, 0.9761885760394782, 0.9989011781261843, 0.999171119482347, 0.9990300100598909, 0.9987306802412049, 0.9995119970203353, 0.9995057499043376, 0.9994632723335403, 0.9994982271551358, 0.9994878521202701, 0.9997368643428552, 0.9998124922163321, 0.9999468417896883, 0.9994635092685501, 0.9993443959990551, 0.9998126656444043, 0.9998376878659058, 0.6125662298412982, 0.5079470051983438, 0.8939809750339467, 0.9983126677018566, 0.9995361223079491, 0.9998676810079264, 0.9999064690003479, 0.9995900860560002, 0.9996001829113761, 0.9999577162154164, 0.9999586072078378, 1.0, 0.9999949502828895, 0.9998288324833098, 0.9998423652030225, 0.9999545488255733, 0.9999206141370949, 0.9999160748248094, 0.9999433643080268, 0.9999069915176257, 0.9997280147974894, 0.9997522651686032, 0.9999227588861374, 0.9999632768154356, 0.9999972115039141, 0.999917955551449, 0.9998220815985276, 0.9999314155302957, 0.9999949502828895, 0.9999740679293385, 0.9999876006490511, 0.9999517826039722, 0.9999178479154938, 0.99992109452188, 0.9998369988803301, 0.9992527903642144, 0.9992795019536437]}