{"x": [1024, 21056, 41024, 61056, 81024, 101056, 121024, 141056, 161024, 181056, 201024, 221056, 241024, 261056, 281024, 301056, 321024, 341056, 361024, 381056, 401024, 421056, 441024, 461056, 481024, 501056, 521024, 541056, 561024, 581056, 601024, 621056, 641024, 661056, 681024, 701056, 721024, 741056, 761024, 781056, 801024, 821056, 841024, 861056, 881024, 901056, 921024, 941056, 961024, 981056, 1001024, 1021056, 1041024, 1061056, 1081024, 1101056, 1121024, 1141056, 1161024, 1181056, 1201024, 1221056, 1241024, 1261056, 1281024, 1301056, 1321024, 1341056, 1361024, 1381056, 1401024, 1421056, 1441024, 1461056, 1481024], "y": [0.4493061999443195, 0.6216032330804416, 0.8221652454501186, 0.8615792366800967, 0.8673371084143916, 0.9018339395116969, 0.9260155975987028, 0.9292089011760976, 0.9372048281982536, 0.9278861282699987, 0.9127981499378198, 0.9104437009438691, 0.9012448735084965, 0.9281122695251941, 0.9764872940270143, 0.9702697773678893, 0.9515342719211672, 0.9585167641702267, 0.9833923882637851, 0.9681385398667257, 0.9610230260600583, 0.9719636967585212, 0.972128091873118, 0.9649938335114344, 0.964146879024845, 0.9750038195088327, 0.9278724961852192, 0.9173276610985357, 0.9678495126425128, 0.9771432450221378, 0.9829750699054799, 0.9848344829438251, 0.9796887384257005, 0.9810532889103319, 0.9815825300539069, 0.9883390553621163, 0.990760125799135, 0.9833456381439586, 0.9784969690629343, 0.9795937079850181, 0.986430589904498, 0.9883269875474867, 0.9894608446801656, 0.9881864037024712, 0.9877050025941494, 0.9864823705954097, 0.9834269722595632, 0.9861552180872167, 0.9832355032858099, 0.983891919149184, 0.9889843872249527, 0.9941873570564814, 0.9984416439619725, 0.9940229561614687, 0.9896290747513863, 0.9906380316203176, 0.9944866690910846, 0.9908444815901286, 0.9877905522633624, 0.9961374660069653, 0.9977907881811942, 0.9932652449451961, 0.9970341111723835, 1.0, 0.9969763906064915, 0.9946888453008274, 0.9955941943752183, 0.9953796559307581, 0.9938601575850559, 0.9921829570418385, 0.9917211679744005, 0.9929485686045703, 0.9918069456418518, 0.9922138330172333, 0.9973057245970852]}